{
  "$schema": "https://ui.shadcn.com/schema.json",
  "style": "radix-nova",
  "rsc": false,
  "tsx": true,
  "tailwind": {
    "config": "",
    "css": "src/index.css",
    "baseColor": "neutral",
    "cssVariables": true,
    "prefix": ""
  },
  "iconLibrary": "lucide",
  "rtl": false,
  "aliases": {
    "components": "@/components",
    "utils": "@/utils",
    "ui": "@/components/ui",
    "lib": "@/utils",
    "hooks": "@/utils/hooks"
  },
  "menuColor": "default",
  "menuAccent": "subtle",
  "registries": {}
}
